pattern_id,signal_index,signal_label,future_return,is_profitable
0,64,3.0,-0.29894736842105263,False
1,944,2.0,-0.06233062330623306,False
2,138,3.0,-0.04967602591792657,False
3,13,3.0,-0.21638655462184875,False
4,832,2.0,-0.21428571428571427,False
5,887,4.0,-3.3191489361702127,False
6,252,2.0,-0.1741424802110818,False
7,547,4.0,-0.21201413427561838,False
8,114,3.0,-0.3411214953271028,False
9,510,2.0,-0.1830238726790451,False
