pattern_id,signal_index,signal_label,future_return,is_profitable
0,632,4.0,-9.777777777777779,False
1,389,1.0,-0.9565217391304348,False
2,288,4.0,-0.6875,False
3,369,1.0,-0.6867469879518072,False
4,925,4.0,-8.5,False
5,998,4.0,-11.5,False
6,556,1.0,-0.9333333333333333,False
